0:Erin:Chisholm:238 Purnia Loop:Erin.Chisholm@utc.edu
1:Fred:Pitt:248 Hanoi Loop:Fred.Pitt@hotmail.com
2:Joseph:Oglesby:528 Workhaven Drive:Joseph.Oglesby@facebook.com
3:Leslie:Swanson:480 Kowloon Parkway:Leslie.Swanson@exchange.com
4:Allison:Grey:947 Garland Drive:Allison.Grey@facebook.com
5:Claire:McCarter:670 Idfu Parkway:Claire.McCarter@facebook.com
6:Conrad:Gafney:593 Garland Parkway:Conrad.Gafney@facebook.com
7:Sally:McCarter:872 Okara Loop:Sally.McCarter@chattstate.edu
8:Patricia:Gafney:667 Botshebelo Loop:Patricia.Gafney@hotmail.com
9:Holly:Duggan:987 Bisling Lane:Holly.Duggan@gmail.com
10:Craig:Banda:867 Inegl Street:Craig.Banda@hotmail.com
11:Leslie:Eggleston:322 Loja Manor:Leslie.Eggleston@google.com
12:Alicia:Vest:792 Aurora Boulevard:Alicia.Vest@gmail.com
13:Sally:Shoemaker:400 Okara Avenue:Sally.Shoemaker@chattstate.edu
14:Craig:Cromwell:884 Idfu Manor:Craig.Cromwell@facebook.com
15:Scott:Lumpkin:891 Loja Avenue:Scott.Lumpkin@google.com
16:Amanada:Lombardi:617 Hanoi Circle:Amanada.Lombardi@exchange.com
17:David:Burleson:847 Hidalgo Drive:David.Burleson@yahoo.com
18:Chris:Oglesby:338 Hanoi Way:Chris.Oglesby@facebook.com
19:Robert:Grey:550 Toulan Lane:Robert.Grey@yahoo.com
20:Jean:Burleson:943 Amroha Street:Jean.Burleson@yahoo.com
21:Holly:Vest:835 Iligan Avenue:Holly.Vest@exchange.com
22:Sharon:Cromwell:905 Botshebelo Lane:Sharon.Cromwell@gmail.com
23:Roger:Larue:473 Imus Manor:Roger.Larue@yahoo.com
24:Allison:Lumpkin:876 Duisberg Loop:Allison.Lumpkin@facebook.com
